ENo	Name	Side	Division	X	Y	BC
1	椰子丸兄妹	1	オオキタ区	10	15	0
2	街風 瑠奈	0	チナミ区	4	2	1
3	宮田一穂とK.M.	0	チナミ区	4	2	1
4	リリア	0	チナミ区	4	2	1
5	高円寺と水天宮	1	リュウジン区	8	19	0
6	辰起・ウェディカ	0	チナミ区	4	2	1
7	七坂と魚紙	0	ミナト区	3	5	0
8	涼風 六華	0	カスミ区	15	2	0
9	白大甕　環	0	チナミ区	4	2	1
10	御鐘　十	0	カミセイ区	3	5	0
11	丹藤　紫咲	0	チナミ区	4	2	1
12	双海七夏	0	リュウジン区	3	15	0
13	鯨洲ゆう	0	オオキタ区	10	15	0
14	十日夜レキ	1	ミナト区	3	5	0
15	来訪者たち	0	カミセイ区	12	5	0
16	妖怪人・狐嵐華丸	1	リュウジン区	12	3	0
17	千歳 佐久間	1	オオキタ区	10	15	0
18	《身体の殻》と《心の殻》	0	チナミ区	4	2	1
19	円尾 清蓮	1	ヒノデ区	17	2	0
20	白神 イタズ	1	カスミ区	16	6	0
21	『○○の箱庭』	1	ヒノデ区	13	11	0
22	わかくさ　ゆめ	0	チナミ区	4	2	1
23	アズライト	1	マガサ区	19	15	0
24	センチネル・バケツヘルム	0	ミナト区	1	11	0
25	侵食するもの	1	マガサ区	4	11	0
26	ラプリナ	1	マガサ区	19	15	0
27	成鐘富夫	1	コヌマ区	3	2	0
28	霧島龍矢	0	チナミ区	4	2	1
29	柊 花凜	0	チナミ区	4	2	1
30	四月一日 輪	0	チナミ区	4	2	1
33	羊野ねむり	0	チナミ区	4	2	1
34	熊田ぺちか	1	オオキタ区	10	15	0
35	崎 一深	0	チナミ区	4	2	1
36	泥被る造花	1	ミナト区	3	5	0
37	椥辻 弥琴	0	マガサ区	15	9	0
38	レイカ・フェアチャイルド	0	チナミ区	4	2	1
39	来瀬 順	0	マガサ区	17	2	0
40	狐草藤花＆千雪	1	リュウジン区	3	13	0
41	黒鳥乃黒烏	0	オオキタ区	10	15	0
42	神実はふり	0	ミナト区	3	5	0
43	澄葉 乃井香	0	リュウジン区	3	13	0
44	南天	0	チナミ区	4	2	1
45	二影 真澄	1	オオキタ区	10	15	0
46	一栄斗	0	チナミ区	4	2	1
47	蒜手　加奈子	0	チナミ区	4	2	1
48	百戒と蛇王	0	チナミ区	4	2	1
49	うぱさん	0	オオキタ区	10	15	0
50	風視 楓／洲寺 真希	0	ウシ区	18	2	0
52	灰鳥の女王	1	オオキタ区	7	9	0
53	越掛千世	0	チナミ区	4	2	1
54	鐡 愛依	1	コヌマ区	3	2	0
55	天遣 柚依	1	リュウジン区	3	13	0
56	矢崎　流子	0	チナミ区	4	2	1
57	真月宮レビン	0	チナミ区	4	2	1
58	高国藤久	1	チナミ区	2	4	1
59	五里霧の双子	0	チナミ区	4	2	1
60	日帰り旅行	1	オオキタ区	2	2	0
61	白崎 竜次楼	0	チナミ区	4	2	1
62	クリス・ヴェスパー	0	リュウジン区	19	10	0
63	ポチとリオット・ヘーゼル	1	ヒノデ区	17	2	0
65	マリーベル	0	チナミ区	4	2	1
66	雪野ヒクイナ	0	チナミ区	4	2	1
67	夜廻	0	カミセイ区	7	2	0
69	江花玖累	1	カスミ区	16	6	0
70	匂宮 金鵄	0	リュウジン区	7	18	0
71	銅見矢凜々子	0	チナミ区	4	2	1
72	Will Vesper	0	リュウジン区	19	10	0
73	シェリル・ウィステリア	0	チナミ区	4	2	1
74	ション	0	チナミ区	4	2	1
75	彩 シキ	0	リュウジン区	3	13	0
76	狛狗キバ	0	コヌマ区	8	2	0
77	偽黒初	0	チナミ区	4	2	1
78	秋風 紅＆秋風 葉	0	チナミ区	4	2	1
79	八社宮 美蕗	0	チナミ区	4	2	1
81	葵とサフィー	1	カミセイ区	2	9	0
82	エルヴィーネ	0	カスミ区	15	1	0
83	宝堂 煉音	0	ヒノデ区	13	12	0
84	黒羽 怜慈	1	ウシ区	12	15	0
85	犬噛白百合	0	ミナト区	3	5	0
86	劉星蘭	0	チナミ区	4	2	1
87	エドワード	0	カミセイ区	10	4	0
88	里崎園華	0	チナミ区	4	2	1
89	片空 小晴	1	オオキタ区	10	15	0
90	獅童美和	0	チナミ区	18	10	0
91	國岡カナデ	0	カスミ区	15	1	0
92	"紗織"	1	チナミ区	2	4	1
93	お絵描きキッズ	1	チナミ区	2	4	1
94	真柄 信	1	オオキタ区	10	15	0
95	龍崎暁人	0	チナミ区	4	2	1
96	凪澤佐鳥/カラスバ	0	カミセイ区	12	5	0
97	夜霧 雪奈	0	チナミ区	4	2	1
98	アレク・リーズ＆フレア・ウィル	0	チナミ区	4	2	1
99	右鞠/ウォン	0	マガサ区	17	2	0
100	スナッケンシュタインの怪物	1	ミナト区	3	5	0
101	常盤郁子	0	オオキタ区	7	7	0
102	安里杏莉	0	オオキタ区	7	7	0
103	百葉箱のしぃらさん	1	マガサ区	17	2	0
104	飼い鳥	1	ウシ区	18	15	0
105	久津見　天音	1	リュウジン区	20	5	0
106	一之瀬　百	0	チナミ区	4	2	1
107	フェンメリル/柊稔	0	チナミ区	4	2	1
108	立花エミネ	0	チナミ区	4	2	1
110	魔王	0	ウシ区	10	17	0
111	紅桃林　虹水	1	マガサ区	18	15	0
113	クロウ＆ニール＆ノア＆ネイ	0	チナミ区	4	2	1
115	Bicorn Quartet	0	チナミ区	4	2	1
116	柊　葉名	1	チナミ区	18	7	0
117	晴寺 悠吏	1	ミナト区	1	11	0
118	奈良山祐月	0	チナミ区	4	2	1
119	蝦夷森 空菊	1	チナミ区	2	4	1
120	ひもの屋バルザン	1	リュウジン区	8	19	0
121	脈打つチョコレート	1	チナミ区	2	4	1
122	悪夢と病毒の苗床	1	チナミ区	2	4	1
123	皇木 仙斗	0	リュウジン区	7	18	0
125	鳳翔華/鳳舞華	0	リュウジン区	19	6	0
126	アーテル・アルデバラン	1	リュウジン区	3	13	0
127	熊耳　柊	0	コヌマ区	3	7	0
128	吊るされた男	1	チナミ区	2	4	1
129	雨洞 兆	0	カミセイ区	8	4	0
130	齎藤 颯	1	オオキタ区	2	2	0
132	天照フィーコ	0	チナミ区	4	2	1
133	戸張	1	オオキタ区	10	15	0
134	鷺内雫	1	リュウジン区	3	13	0
135	ソーフィー・スパイノース	1	カミセイ区	12	2	0
136	二瀬　奏人	1	オオキタ区	10	15	0
137	アンドロメダ	1	カミセイ区	11	5	0
138	クルマシティ職員・越高昴	0	チナミ区	4	2	1
141	氷無 冷子と謎の紳士	0	カスミ区	16	1	0
142	井戸葉 めぐる	0	チナミ区	4	2	1
144	瑠璃井 霞	0	チナミ区	4	2	1
145	カナとマナ	1	リュウジン区	3	13	0
146	不死沢 勇吾	1	チナミ区	2	4	1
147	作楽 誘乃	0	チナミ区	4	2	1
148	胡桃沢 命	0	オオキタ区	10	15	0
150	加唐揚羽	0	チナミ区	4	2	1
151	ガズエット	0	オオキタ区	10	15	0
152	司馬アリス	0	マガサ区	15	9	0
153	六花 佳仁	0	リュウジン区	5	5	0
154	秤待九々之助	0	チナミ区	4	2	1
155	常代 眞梨奈	0	チナミ区	4	2	1
156	武岩　至牙	1	リュウジン区	12	3	0
157	仁井 蛍	1	オオキタ区	10	15	0
158	不浄の滝	1	ミナト区	1	11	0
159	春原 真理	0	カスミ区	15	1	0
160	エルミリア・R・フローラ	1	オオキタ区	10	15	0
161	小佐間　御津舟	0	チナミ区	4	2	1
162	桜と向日葵と	0	カミセイ区	3	5	0
163	シェンラン・ヤン	0	チナミ区	4	2	1
164	Shannon	1	チナミ区	2	4	1
165	喰らい尽くす炎	0	マガサ区	17	2	0
166	威凪　薫	0	チナミ区	18	10	0
168	九重隆二	1	ヒノデ区	17	15	0
169	黒須 繰栖	0	チナミ区	4	2	1
170	飾万鉤	0	ミナト区	3	5	0
171	白羽 司	0	ミナト区	1	11	0
172	ウル・ペクラ	1	チナミ区	2	4	1
173	安藤規雄	1	ミナト区	1	11	0
174	狩凪 避人	0	ウシ区	20	13	0
175	レウコ・クロリ・ディウム	1	ウシ区	1	13	0
176	花菱 かすみ	1	カミセイ区	15	7	0
178	禍薙切イナバ	0	マガサ区	12	2	0
179	アップルトン兄妹	0	ヒノデ区	15	16	0
180	稚環 輪	0	チナミ区	4	2	1
181	峨々峰 交喙	0	カスミ区	10	2	0
182	仮面ランサー スーフェル	0	チナミ区	4	2	1
183	用瀬 樒	0	ミナト区	1	11	0
184	グラウティア＝フィーニクス	1	オオキタ区	10	15	0
185	珠沙・リシッツァ	1	オオキタ区	10	15	0
186	ヨキ	0	チナミ区	4	2	1
187	立子山　藍	0	ウシ区	20	13	0
188	高宮清春	0	ミナト区	3	5	0
189	水野 杏梨	0	リュウジン区	7	18	0
190	小柳津 修志	1	マガサ区	19	15	0
191	天使と監視対象	0	チナミ区	4	2	1
193	結宮　拘	1	チナミ区	2	4	1
194	白妙 凛音／源 楔奈	0	チナミ区	4	2	1
195	水原 ティーナ	0	チナミ区	4	2	1
197	朝雲　碧	1	チナミ区	2	4	1
198	山田クレイモア	0	オオキタ区	7	8	0
199	綿貫 黒衣	1	チナミ区	2	4	1
200	片空 雷火	1	オオキタ区	10	15	0
201	青原 詩杏	0	チナミ区	4	2	1
202	黒須 御日	0	チナミ区	4	2	1
203	熊谷紫明	1	ミナト区	1	11	0
204	ウィタ・サジナチ	1	リュウジン区	14	18	0
205	妙名 蜜	0	チナミ区	18	10	0
206	雨照満/雨照咲	1	オオキタ区	10	15	0
207	天遣 藍乃	0	ミナト区	1	11	0
208	深海の旋律	0	チナミ区	10	6	0
209	麻屋暁	0	オオキタ区	10	15	0
210	夜霧 雫玖	1	オオキタ区	10	15	0
211	ミカゼとアガタ	0	チナミ区	4	2	1
213	井桁 六丸	1	チナミ区	2	4	1
214	物見 めめ　（眼神バロール）	1	マガサ区	4	11	0
215	三久間朱里	0	チナミ区	4	2	1
216	芥川 響	0	リュウジン区	4	5	0
217	楽土　樹	1	オオキタ区	10	15	0
218	大貝未来 Feat.きらりこ	0	チナミ区	4	2	1
219	ステバ	1	オオキタ区	10	15	0
221	甲斐中 隆玄	0	カスミ区	15	1	0
222	千崎トキ	1	ミナト区	3	5	0
223	初早森　兎乃	0	ミナト区	1	11	0
224	藤実 鳴	0	ウシ区	10	17	0
226	隠須 志毅	0	リュウジン区	17	3	0
227	Grevit A=R	1	チナミ区	8	9	0
228	《屍の魔女》	1	チナミ区	2	4	1
229	群条エナ	0	ウシ区	10	17	0
231	大神アイザ	1	オオキタ区	10	15	0
232	黒月 春	1	チナミ区	18	7	0
233	阿闍砂 陽炎	0	チナミ区	4	2	1
234	薊	0	ウシ区	4	13	0
235	八麻 不治晴	0	チナミ区	18	10	0
236	美雷　りこ	0	ウシ区	9	10	0
238	子湖森 望夢	1	オオキタ区	16	12	0
239	デストミー様	0	チナミ区	4	2	1
240	逢星 千歳	1	チナミ区	2	4	1
242	むとら	0	カミセイ区	16	6	0
244	鈴のなる夢	0	マガサ区	17	2	0
248	フミヅキ ユウ	1	カミセイ区	2	9	0
249	小鷹裕吉	1	チナミ区	2	4	1
250	白乃 春楡	1	マガサ区	4	11	0
251	葛祭 祀斗	1	マガサ区	18	15	0
253	彗星・コメット	0	リュウジン区	4	5	0
255	迫水 イリヤ	0	マガサ区	14	20	0
256	立花 リッカ	1	リュウジン区	4	5	0
257	白篠カスミ	1	リュウジン区	20	5	0
258	風祭 合歓	0	チナミ区	4	2	1
260	鬼嶋　貴登子	0	リュウジン区	3	9	0
261	立ち帰る落陽	1	オオキタ区	2	2	0
262	バイタルエクス	1	リュウジン区	12	3	0
263	犬前葛子	0	チナミ区	4	2	1
265	鹿驚田 黒羽	0	チナミ区	4	2	1
266	卯島渉／因幡うさ子	0	チナミ区	4	2	1
267	めぐみ&心	0	チナミ区	4	2	1
268	神原夜中	0	リュウジン区	3	13	0
269	opera	0	チナミ区	4	2	1
270	星見 蓮	0	チナミ区	4	2	1
271	〝七番目の少女〟と〝奇跡の青年〟	0	チナミ区	4	2	1
272	黒狐リク	1	チナミ区	2	4	1
273	闇	0	チナミ区	4	2	1
274	青倉海里	1	オオキタ区	15	13	0
275	悪夢の残滓	1	ヒノデ区	17	2	0
276	タマーニ・ナオール	0	チナミ区	4	2	1
277	ウミネコ	0	チナミ区	4	2	1
278	日向 月都/旋風 廻	0	チナミ区	4	2	1
279	坂井 五月	0	チナミ区	4	2	1
281	炎の霊界探偵 北条正子	0	リュウジン区	4	5	0
282	巽燈史郎	0	チナミ区	4	2	1
283	アッシュ	0	チナミ区	4	2	1
284	「世間知らず」フェル	0	カミセイ区	12	5	0
285	《夜明け》と《黄昏》	0	チナミ区	4	2	1
286	三科ミナ	0	オオキタ区	10	15	0
288	丸虎 志騎	0	マガサ区	12	2	0
289	忘れられた王の魂	1	リュウジン区	17	6	0
290	桐生 玲	0	カミセイ区	12	5	0
295	九条院 叶	0	チナミ区	4	2	1
296	枢木	0	リュウジン区	5	5	0
297	ソウバとソロ	1	カミセイ区	3	5	0
298	不動擬	0	カミセイ区	3	5	0
299	彩木 浩介	0	カスミ区	15	1	0
300	Conquistador	0	チナミ区	4	2	1
301	天河ザクロ	0	オオキタ区	10	15	0
302	秋桐誠司(左)・秋桐賢人(右)	0	カミセイ区	12	5	0
303	三友明楽	0	チナミ区	4	2	1
304	糸尾透司	0	カスミ区	10	2	0
305	一条正義	0	チナミ区	4	2	1
306	功刀 紋乃	0	カミセイ区	7	3	0
307	赤木月夜	1	マガサ区	19	15	0
308	安見明嗣	0	チナミ区	4	2	1
310	姫州 鬼燐	0	チナミ区	4	2	1
311	坂江蛍	0	マガサ区	17	2	0
312	桜橋	1	ミナト区	1	11	0
313	零田リオ	1	カミセイ区	12	2	0
314	ヶ咲 昴	0	チナミ区	4	2	1
315	ウチモ	0	チナミ区	4	2	1
317	草原よもぎ	0	コヌマ区	4	6	0
319	エリーゼカグラヤマモト	0	チナミ区	4	2	1
321	奥野晴明 銀貨	0	ミナト区	3	5	0
322	園崎 百華	0	カミセイ区	7	2	0
323	片岡鈴	1	ヒノデ区	6	9	0
326	早乙女 陽	0	チナミ区	4	2	1
327	荊街神詠カンナギアF	0	チナミ区	4	2	1
329	稲谷 雷蔵	0	チナミ区	18	10	0
330	白緑	0	ウシ区	4	13	0
331	葉留 凪咲	0	オオキタ区	10	15	0
332	朝比奈　梨花	0	チナミ区	4	2	1
333	餅田 ハナ子	0	マガサ区	13	3	0
334	ひまわり&ナナシ	0	リュウジン区	7	18	0
336	縷々 エネ	1	リュウジン区	3	13	0
337	遊馬 遼／フラン・フォーリー	1	マガサ区	4	11	0
339	混沌の知恵と禁断の箱	1	ヒノデ区	17	2	0
341	四十八願　和子	1	オオキタ区	10	14	0
342	小野瀬百葉	0	カスミ区	9	2	0
344	アルセ&シャケ	1	コヌマ区	3	2	0
345	百合園乃愛	0	オオキタ区	10	15	0
346	杯 文人	0	オオキタ区	7	2	0
347	西園寺 紗良	0	ミナト区	3	5	0
348	西園寺 紅	0	ミナト区	3	5	0
349	四宮藍	0	チナミ区	4	2	1
350	チトセ・カーター	0	カミセイ区	3	5	0
351	黒川 逢佳	0	ヒノデ区	5	15	0
352	根岸こがね	0	チナミ区	4	2	1
353	百地 初白	0	チナミ区	4	2	1
354	白月 夜菜	0	マガサ区	17	2	0
356	風 眠	0	ウシ区	12	11	0
357	鳥越九郎	1	ミナト区	1	11	0
358	森山 花子	0	カミセイ区	8	4	0
360	瑠璃井 瑞稀	0	チナミ区	4	2	1
361	眞幌 周子＆阿万音 詩杏	1	ミナト区	1	11	0
362	曾我部 零夏	1	オオキタ区	2	2	0
363	エミュー・O・ザッハトルテ三世	1	リュウジン区	3	13	0
365	霧咲 恵	0	チナミ区	4	2	1
366	潜竜	1	マガサ区	18	15	0
367	ティアー	0	チナミ区	11	16	0
368	ブラッド・マリー	0	ヒノデ区	2	16	0
369	此ノ花 結枝	0	チナミ区	4	2	1
370	草門れい子	0	チナミ区	4	2	1
371	鈍谷祈恵	0	マガサ区	10	5	0
372	雛岸 優兎佳	0	マガサ区	13	3	0
373	御縁なゆた	0	チナミ区	4	2	1
374	化け花キキメ	0	チナミ区	4	2	1
375	長壁六郎	1	リュウジン区	8	19	0
377	乙葉 火花	0	ウシ区	12	15	0
378	鞠安 ルネ	0	マガサ区	13	3	0
380	アーク兄弟	1	ミナト区	1	11	0
381	兎角杏子	0	マガサ区	17	2	0
382	伊織恵理也	0	チナミ区	4	2	1
383	十ヶ瀬 玲音	1	オオキタ区	2	2	0
384	欠けた器	1	ミナト区	1	11	0
385	マキシマ	0	チナミ区	4	2	1
386	童話とお菓子の香り	1	チナミ区	2	4	1
388	岬 結乃	0	チナミ区	4	2	1
389	黒澤	1	チナミ区	16	14	0
390	召喚師と愉快な仲間たち	0	チナミ区	4	2	1
392	魔人王モロバ	0	リュウジン区	19	6	0
394	歪譚:◆◆◆◆と◆◆◆◆◆	0	リュウジン区	3	15	0
397	都月桐胡	0	カミセイ区	3	5	0
398	トキワ・C・フーストニア	1	リュウジン区	10	20	0
399	嬉野　聖	1	マガサ区	18	15	0
401	幣原さくや	0	チナミ区	4	2	1
402	木染玄鳥	1	ヒノデ区	17	15	0
403	とある世界のお嬢様	0	カミセイ区	10	4	0
404	虎澄モクバ	1	リュウジン区	12	18	0
405	春秋 楪	0	チナミ区	4	2	1
406	濯木・ブライアン・龍臣	1	オオキタ区	2	2	0
407	前園 朝	1	カミセイ区	8	4	0
409	レイシー	0	マガサ区	13	3	0
410	クレアルド	0	チナミ区	11	19	0
411	リミューナ・ンリュティカ	1	オオキタ区	15	13	0
412	柊	1	チナミ区	2	4	1
413	氷室　シン	0	チナミ区	18	12	0
414	『亡霊』と『祈り神』	1	チナミ区	2	4	1
415	志並　野杏/Anonymous	1	オオキタ区	10	15	0
416	薊野 灰音	0	チナミ区	4	2	1
417	赤井黒灯兎	0	ウシ区	9	10	0
418	穂江ルリオ	1	オオキタ区	7	8	0
419	病院坂 憂	0	チナミ区	4	2	1
420	空友リンカ	0	ミナト区	1	11	0
421	九印/エインモーネ	0	チナミ区	4	2	1
422	九頭竜坂　漆刃	1	マガサ区	18	15	0
423	西丘ラフィエル	0	ミナト区	3	5	0
424	青水 由希	0	マガサ区	17	2	0
425	どこかのだれか	1	チナミ区	2	4	1
426	あさとよるのあいだ	0	チナミ区	4	2	1
427	杯 雄一	0	オオキタ区	7	2	0
428	伊藤　晴	0	チナミ区	4	2	1
430	ミーニャ・ブランシュ	0	ミナト区	1	11	0
431	蚕霊いとは	0	ミナト区	1	11	0
432	國政 神流	0	チナミ区	4	2	1
433	牡丹	0	カスミ区	10	2	0
434	ピュアッツァレラザリアンルージュ	0	オオキタ区	7	8	0
435	ラヴィアルテ	1	リュウジン区	10	20	0
436	伝説の男	1	オオキタ区	10	15	0
437	傲慢たる敗者	0	チナミ区	8	16	0
438	リューちゃん	0	チナミ区	9	14	0
440	曇食 日	1	オオキタ区	10	15	0
442	護国将	0	チナミ区	4	2	1
443	ルカド＝エレヴァルツ	0	カミセイ区	14	13	0
444	リリー・クロフォード	0	マガサ区	14	20	0
445	グラスグラス＝ノスタルジア	0	カスミ区	15	2	0
446	伊庭ユウタ	0	ウシ区	17	15	0
447	御手洗 忍	1	オオキタ区	2	2	0
448	スタニスラワ	1	コヌマ区	3	2	0
449	道明寺淡雪	1	チナミ区	2	4	1
450	白羽 菫	0	チナミ区	4	2	1
451	桜葉 杏子	0	チナミ区	4	2	1
452	魄角とフジウル	1	オオキタ区	10	15	0
453	イバラシティに存在する全ての豆腐	1	カスミ区	16	6	0
454	悪人連合	0	チナミ区	5	6	0
455	四堂 銀子	0	マガサ区	17	2	0
456	辺 野路子	0	チナミ区	4	2	1
458	佐錦ササキ	0	カミセイ区	16	6	0
461	アシュリン	0	マガサ区	15	9	0
462	仁科のチョウジ	0	マガサ区	7	9	0
463	楠野 環	0	チナミ区	4	2	1
464	寺田善継	1	コヌマ区	3	2	0
465	綾芝愛	1	ミナト区	1	11	0
466	隠樹 響	0	チナミ区	4	2	1
467	鬼村那智	1	チナミ区	10	5	0
468	竜宮　桃	1	マガサ区	18	15	0
469	礼羽　幽	1	チナミ区	2	4	1
470	洞鶏 三次郎	1	リュウジン区	3	11	0
472	ソーラー	0	チナミ区	4	2	1
473	結城 巳羽	0	オオキタ区	10	15	0
474	結城伐都	0	オオキタ区	10	15	0
475	零下　流浮奈	1	カスミ区	16	6	0
476	ミロワール	0	チナミ区	4	2	1
477	紅か蒼の鬼	1	チナミ区	2	4	1
480	ギンジ・ノネムド	0	マガサ区	15	9	0
481	ローザ・ステイシス	0	ミナト区	1	11	0
483	『柩狼』D=レッドコフィン	1	カミセイ区	12	2	0
484	火座間・霧子/キリコ・ザーハイル	0	チナミ区	4	2	1
485	七草 寿々	0	チナミ区	4	2	1
486	来沙之叶鈴	0	チナミ区	4	2	1
487	三上ソウスケ	0	チナミ区	4	2	1
488	キョウカ	1	ヒノデ区	13	6	0
490	須崎　雛	0	チナミ区	4	2	1
491	城　北風	0	チナミ区	4	2	1
492	廿里 崇司	1	オオキタ区	7	7	0
493	隼　志駁	0	ウシ区	17	15	0
494	浅岡　百合子	0	オオキタ区	10	15	0
495	ラピアクチュール	1	リュウジン区	12	3	0
496	栗須 登世	0	ウシ区	17	15	0
497	隠田 和己	0	ウシ区	17	15	0
498	砂藤 崇成	1	カスミ区	15	1	0
499	深山 陽葉里	0	ミナト区	3	5	0
500	火星よりの物体X	0	チナミ区	4	2	1
501	小鳥遊金糸雀	0	チナミ区	4	2	1
502	藻噛 叢馬	1	ミナト区	1	11	0
503	檜原 アザナ	0	チナミ区	4	2	1
504	トレバー・ヤマノミヤ	0	オオキタ区	8	2	0
506	若宮線引	0	チナミ区	4	2	1
507	風凪マナカ	0	チナミ区	4	2	1
510	ジャック・ドゥ	1	チナミ区	2	4	1
512	八木千木良	1	コヌマ区	3	2	0
513	十神 十	1	リュウジン区	3	9	0
514	カルセドニア・ハーヴェル	1	コヌマ区	3	2	0
515	蛇乃目 双刃	0	オオキタ区	10	15	0
516	啼鳥小夜	0	チナミ区	4	2	1
517	繚乱イバラレディ	0	チナミ区	4	2	1
518	春乃　雪姫	0	マガサ区	19	15	0
519	フー・アイ／フー・アム・アイ	0	チナミ区	4	2	1
520	私立探偵・鍛炭 灰郎	1	チナミ区	2	4	1
523	あっきょん/<呪い狐>	1	リュウジン区	4	5	0
524	十織 響	1	チナミ区	2	4	1
525	各務 玲	0	ウシ区	4	13	0
526	辺見悠吏	0	チナミ区	4	2	1
527	上津遊 紬	0	チナミ区	4	2	1
528	樟　陽雨	0	チナミ区	4	2	1
529	運命の輪の子供たち	0	ウシ区	12	15	0
530	羽生いつき	1	チナミ区	2	4	1
532	鴉羽　墨	0	マガサ区	19	15	0
533	冷泉といちか	0	チナミ区	4	2	1
534	都堂　陸	0	チナミ区	4	2	1
535	鉾井ヨウ	1	ミナト区	1	11	0
536	鳩井小苗	0	チナミ区	4	2	1
537	美綴 暁斗	0	マガサ区	19	15	0
538	音風 ひびこ	0	リュウジン区	7	18	0
539	響 恢音	1	ミナト区	1	11	0
540	モサーク・アークボルト	0	チナミ区	4	2	1
541	マテバ	0	カスミ区	15	1	0
543	名雪 禍根	0	チナミ区	4	2	1
544	狸谷まみな	0	マガサ区	13	3	0
545	東堂玄樹／雪月結華	0	カミセイ区	9	4	0
546	リオネル・サンドリヨン	0	チナミ区	4	2	1
547	筧家の人達	0	チナミ区	4	2	1
548	銭田 葵	0	ミナト区	1	11	0
549	虚ろな現実　確かな夢幻	1	チナミ区	2	4	1
550	坂崎　基	1	マガサ区	19	15	0
551	シュナイダー・Ｇ・ゴリヴァー	0	リュウジン区	4	5	0
552	姫榊うい	0	カスミ区	15	2	0
553	姫榊みみ	0	カスミ区	15	2	0
554	アナ・モーリス	0	チナミ区	8	16	0
555	持明院 寂怜	1	マガサ区	18	15	0
556	空井アオト	0	チナミ区	4	2	1
557	ペーター・アルムノキー	1	オオキタ区	10	15	0
561	プテラ・プテル	1	チナミ区	2	4	1
562	古河　優	0	チナミ区	4	2	1
563	穐膾 銅	0	カミセイ区	3	5	0
564	サイキックバタフライ峰子	0	チナミ区	4	2	1
565	戌亥　縫	0	カミセイ区	19	10	0
566	『ごん』	1	オオキタ区	7	9	0
567	九重　満器成	1	チナミ区	2	4	1
568	六曜地秘路	1	チナミ区	2	4	1
570	黒鐘りえる	0	チナミ区	4	2	1
571	御巫 美玲	0	マガサ区	19	15	0
572	リータス＝スヴィータ	1	カミセイ区	2	9	0
575	少女たち	0	チナミ区	4	2	1
577	エリカ	0	チナミ区	4	2	1
579	404 NotFound	1	カミセイ区	10	4	0
580	頭蓋地図	1	チナミ区	2	4	1
581	我芥　尽/ツクシ	0	オオキタ区	7	9	0
582	子猫の『ここね』	0	カミセイ区	7	2	0
583	キアロン・アーセイル	1	チナミ区	2	4	1
584	クロエ・シルヴェストル	0	カミセイ区	19	13	0
585	被虐するもの/嗜虐するもの	0	チナミ区	4	2	1
586	一文字すずめ	0	チナミ区	4	2	1
587	髪長いちま	0	チナミ区	4	2	1
588	ディラン・アクティアス	0	チナミ区	4	2	1
591	聖夜　幽	1	リュウジン区	10	20	0
592	水原九郎	0	チナミ区	4	2	1
593	Hǝɯɐʇᴉʇǝ･Nɐupᴉuɐ	1	チナミ区	2	4	1
596	Eat in	0	リュウジン区	12	18	0
597	子子子子　こねこ	1	マガサ区	17	2	0
598	ロング・ア・ゴウ	0	オオキタ区	10	15	0
599	瀧本拓也	1	ヒノデ区	13	11	0
600	ルナニエ・グレイ	1	チナミ区	2	4	1
601	桜ノ宮　由里	0	マガサ区	14	20	0
602	栂壬 或都	0	ウシ区	12	15	0
603	ハティ	0	カスミ区	16	1	0
604	佐良ヰ乃	0	チナミ区	4	2	1
605	関堀八代	0	チナミ区	18	10	0
606	雀部稲生	0	リュウジン区	3	9	0
607	我孫子　智之	0	リュウジン区	3	9	0
608	呪いのダイヤモンド	1	マガサ区	19	15	0
610	倉持ユズル/倉持リサ	0	ヒノデ区	2	16	0
611	水凪 悠	1	オオキタ区	10	15	0
612	皆藤千穂	0	リュウジン区	3	9	0
613	シスターと形なきもの	0	リュウジン区	17	3	0
614	紫電　美輝	0	ミナト区	1	11	0
616	行商人 八宮司	0	チナミ区	4	2	1
618	双路　姫子	0	リュウジン区	7	18	0
619	大路こがも	0	リュウジン区	7	18	0
620	ジミー・ホロウェイ	1	チナミ区	2	4	1
621	ヴァリシュワール	0	チナミ区	15	8	0
622	ロゼ	1	オオキタ区	10	15	0
624	キャロル	0	チナミ区	4	2	1
625	藤堂　詩緒里	0	マガサ区	15	9	0
626	瑞山 燐火	0	チナミ区	4	2	1
627	六崎　黒之助	0	チナミ区	4	2	1
628	クロネ	0	チナミ区	4	2	1
629	矢通 千里	0	カミセイ区	6	11	0
631	黒浦 鴉 / 鷹ノ目 四郎	0	オオキタ区	10	15	0
634	空木レイ	0	リュウジン区	7	18	0
635	天王寺　たけし	0	チナミ区	4	2	1
636	百鬼 秀真	0	マガサ区	15	9	0
637	白山茉莉	0	ウシ区	20	13	0
638	雁野　壱	0	チナミ区	5	10	0
639	久手 奏楽	0	カスミ区	16	1	0
640	初瀬リコ	1	カミセイ区	9	3	0
641	アザラシの女王	1	チナミ区	2	4	1
642	もりもり森太郎	1	チナミ区	2	4	1
643	明日葉らん	0	チナミ区	7	5	0
644	草間洸一郎	0	カミセイ区	6	11	0
645	根本光宙	1	コヌマ区	3	2	0
646	宵坂　芽里奈	0	マガサ区	17	2	0
647	姫宮 真紅	0	ミナト区	1	11	0
648	園江	1	ヒノデ区	19	11	0
649	鬼月 エリカ	1	オオキタ区	10	15	0
651	糸縫寒太	1	チナミ区	2	4	1
653	霧咲ルノア	0	チナミ区	4	2	1
654	冬鐘 夏海	1	ヒノデ区	16	9	0
656	神宮 詩季	1	ヒノデ区	16	9	0
658	天弖 薙	0	チナミ区	4	2	1
659	鳥見 希寝	0	チナミ区	4	2	1
660	雨霧子桜/温井冷	0	チナミ区	4	2	1
661	平坂煉	0	ミナト区	3	5	0
663	緋色の眼をした女	0	カミセイ区	14	13	0
664	西白　桃香	1	リュウジン区	3	9	0
667	新人類ⅥTEX	1	カスミ区	16	6	0
668	パドメ・イブリス	1	オオキタ区	10	15	0
669	ベルル・テンスベルガー	0	チナミ区	4	2	1
670	マリア・フォレストライト	0	カミセイ区	9	4	0
671	白波 白楽	1	リュウジン区	4	5	0
672	一条 想介	0	チナミ区	8	16	0
673	天塚 祝	0	リュウジン区	19	6	0
676	燕 遥翔	1	リュウジン区	2	16	0
678	君島 隼	1	オオキタ区	2	2	0
680	エルビュート・ゼノスタイム	1	チナミ区	2	4	1
681	冬華那＝シーンズ	0	マガサ区	14	20	0
682	紺出　樹也羽	0	リュウジン区	19	6	0
685	黒宮　翡翠	0	ウシ区	9	10	0
687	音和姉弟	0	ウシ区	4	13	0
688	すれ違う三つ子	1	ヒノデ区	5	8	0
689	安馳我們	1	チナミ区	6	9	0
690	仮	1	チナミ区	5	5	0
691	冬海ハルカ	0	リュウジン区	10	5	0
692	深兎 来針	0	チナミ区	4	2	1
693	鳴瀬 地登里	1	オオキタ区	15	13	0
694	悪食の泥	0	チナミ区	4	2	1
695	中御門 柚乃	0	チナミ区	4	2	1
697	湯瀬 穂積	1	リュウジン区	3	9	0
699	御曹院シオン	1	オオキタ区	10	15	0
702	“鬼憑き”玖楠	0	カミセイ区	5	20	0
705	ピート&ガイスト	0	チナミ区	4	2	1
706	ラルクベルテ・ハンドレッド	0	カミセイ区	9	4	0
709	隼田院フリージア	1	オオキタ区	10	15	0
710	まなちゃん	1	ヒノデ区	17	15	0
711	《独り善がりの傀儡師》	1	リュウジン区	4	5	0
713	宇佐美　羅美	0	チナミ区	4	2	1
714	アーシェリー・フリジット	0	チナミ区	4	2	1
716	彩奈＝クライシス	1	リュウジン区	10	20	0
717	Qimranut	1	チナミ区	2	4	1
718	小金丸まゆこ	1	リュウジン区	3	9	0
719	雲谷 煙次/ケムルス	0	チナミ区	4	2	1
720	小野木瞬	1	チナミ区	2	4	1
722	絹笠こかげ	0	ミナト区	1	11	0
723	放課後探検部	0	リュウジン区	3	15	0
724	八意 スズネ	0	チナミ区	4	2	1
727	正義と葵	1	ミナト区	1	11	0
728	世渡セト	0	オオキタ区	7	8	0
729	暗闇 徹	1	ミナト区	1	11	0
730	モドラヘレク・ダンヘンリー	0	チナミ区	4	2	1
731	天音　ソラ	1	チナミ区	7	9	0
732	ごみ漁りの仔鴉	0	チナミ区	4	2	1
733	茅野イオリ	0	オオキタ区	7	11	0
735	姿思	0	ミナト区	1	11	0
736	メーテリンデ	0	チナミ区	4	2	1
737	春花　フウリ	0	チナミ区	4	2	1
739	佐崎 蒼羽	0	チナミ区	4	2	1
740	熊田ジアン	1	オオキタ区	10	15	0
741	アカネ＆エミリア	0	チナミ区	4	2	1
742	ゼロ・リフレクス	0	カミセイ区	2	8	0
743	諏訪　なぶさ	1	チナミ区	2	4	1
744	小和泉 来夢	1	チナミ区	2	4	1
747	布施棕櫚	1	オオキタ区	7	8	0
748	シルバーキャット	0	オオキタ区	14	6	0
750	黒唯エイキ	1	ミナト区	1	11	0
751	黒唯チカギ	1	オオキタ区	10	15	0
752	ミア・リナルド	0	チナミ区	8	16	0
753	天月 新 / 満	0	チナミ区	4	2	1
755	井貫忠成	0	リュウジン区	19	6	0
757	石動 いずる	0	ウシ区	17	15	0
758	乙戯 山羊彦	1	オオキタ区	7	8	0
760	焙茶坂 霧里	0	チナミ区	4	2	1
762	フィーア・レヴナント	1	リュウジン区	3	11	0
763	ライア・ノクターン	0	チナミ区	4	2	1
765	翔州 瑠莉	1	ヒノデ区	13	11	0
767	幽霊タクシーと仲間達だった何か	1	チナミ区	2	4	1
768	風森 砂季	0	チナミ区	4	2	1
771	岸野 パルサ	0	チナミ区	4	2	1
772	児玉 響生	0	チナミ区	4	2	1
774	エル	0	ウシ区	4	13	0
775	闇竜ラギア	1	チナミ区	2	4	1
777	裏辺 彩月	1	リュウジン区	20	5	0
778	広告天使アフィリエル	1	ミナト区	3	5	0
779	鵜月 悠音	0	チナミ区	4	2	1
780	狐盟神 江華	0	マガサ区	15	9	0
781	しょぼりーぬ	1	カミセイ区	5	20	0
782	紅月亮	0	ウシ区	4	13	0
783	司馬アイ	0	リュウジン区	3	15	0
784	ニアク・セイン＝アーデ	0	チナミ区	4	2	1
788	青金　---	1	ミナト区	1	11	0
789	八百城 豊/鹿瀬 満月	1	リュウジン区	3	13	0
793	有月らうら	1	ウシ区	18	15	0
794	彩採　美船	0	チナミ区	4	2	1
795	柳田エイジ	0	マガサ区	13	3	0
796	ホログラフ:I/O	0	チナミ区	4	2	1
797	宮野白亜	1	チナミ区	2	4	1
798	仙道　アデュラリア	1	マガサ区	18	15	0
799	桑畑緑朗	0	チナミ区	4	2	1
801	セオリ/一条 瀬織	1	リュウジン区	20	5	0
804	御来屋　くるり	1	チナミ区	2	4	1
805	日ノ下　椿	0	リュウジン区	7	18	0
806	豆井堂ミサキ	1	チナミ区	2	4	1
807	花澱御降	1	チナミ区	2	4	1
808	狼谷有里朱	0	ウシ区	18	2	0
809	アイリス	1	カミセイ区	12	2	0
810	朔月	0	ウシ区	4	13	0
812	黄泉路 彰	0	マガサ区	11	2	0
813	沢野 玲子	0	オオキタ区	14	6	0
814	「じいや」と「ねえさん」	0	リュウジン区	3	15	0
816	マリオンベルデ・七瀬	1	リュウジン区	10	20	0
819	十村蘇芳	1	チナミ区	2	4	1
821	ハニィ／落田 はずれ	1	リュウジン区	20	5	0
823	正論院本気由	1	チナミ区	2	4	1
830	アガスティア	0	オオキタ区	7	2	0
831	茅芽笹子 with ゾル	0	チナミ区	4	2	1
833	朽那羽 節鳴	0	マガサ区	15	9	0
834	†.†《ラスト・ピリオド》	0	チナミ区	4	2	1
837	ジェーン=スミス	1	コヌマ区	3	2	0
838	執事	1	コヌマ区	3	2	0
839	ユカラ・センドウ	0	リュウジン区	12	2	0
840	佐藤 深雪	0	リュウジン区	12	2	0
841	アズーロ=ジルフェ	0	リュウジン区	12	2	0
843	穂峰 空奈	1	ミナト区	1	11	0
844	近所のおばちゃんは召喚師	0	チナミ区	5	9	0
847	白槻 一葉	0	チナミ区	4	2	1
851	虚才と再誕	0	カミセイ区	3	5	0
852	アトゥ	1	カミセイ区	8	4	0
853	向平 一海	0	チナミ区	4	2	1
854	ルーシー・チャールトン	0	チナミ区	4	2	1
855	竜胆 ほむら	1	チナミ区	2	4	1
856	竜胆 みなわ	1	チナミ区	2	4	1
857	月穂音　ルカ	0	チナミ区	4	2	1
858	五十森 巽	0	ウシ区	4	13	0
861	インパラ	1	ウシ区	3	2	0
862	涼城アイカ	0	カミセイ区	2	9	0
865	瑠璃	0	チナミ区	4	2	1
868	棘の頂	0	リュウジン区	2	3	0
869	四辺・灯	0	コヌマ区	3	7	0
870	長居 寧音	0	チナミ区	4	2	1
871	遠井 ネア&サキ	0	カミセイ区	9	3	0
875	日向 萌子	0	コヌマ区	3	2	0
876	高月 凪	0	マガサ区	1	15	0
877	涼城ハルヒコ	0	カミセイ区	2	9	0
879	園藝寺 賦悠里	1	チナミ区	2	4	1
880	大判　かのこ／葦毛　つむじ	0	チナミ区	4	2	1
881	”病姫”インフルえるざ	0	カミセイ区	5	20	0
883	認識の獣	0	ウシ区	20	13	0
884	千葉　賢人	1	カスミ区	16	6	0
885	産石 みのり	0	チナミ区	4	2	1
886	紅葉と栢葉	1	オオキタ区	7	9	0
888	ウーリ・M・アルムスター	0	チナミ区	4	2	1
889	夜久 蒼	1	マガサ区	19	15	0
890	六ツ語 律	0	カミセイ区	7	2	0
891	佐崎円	0	チナミ区	4	2	1
892	露崎 藍溟	0	オオキタ区	10	15	0
893	黒伏ラノザ	0	コヌマ区	4	6	0
895	露崎 聖樹	0	オオキタ区	10	15	0
896	ランプ・スファイラル	1	オオキタ区	10	15	0
897	ニコラ・スファイラル	1	オオキタ区	10	15	0
898	坂東 薫	0	オオキタ区	7	11	0
899	ウィリアム・ウィンストン	1	オオキタ区	10	15	0
900	月島朋子	1	オオキタ区	10	15	0
901	芽吹 つぼみ	0	ウシ区	4	13	0
903	歌詠リラ	0	リュウジン区	3	14	0
904	コージマ=シュミット	0	リュウジン区	3	14	0
905	美空 ますみ	0	ウシ区	4	13	0
906	志野　タクミ	0	チナミ区	4	2	1
908	絢石うろん	0	チナミ区	4	2	1
909	グノウ・スワロルド	0	マガサ区	12	2	0
910	幽上　ゆう	1	ミナト区	1	11	0
911	早生 さき	0	オオキタ区	10	15	0
912	言祝　愛夢	0	リュウジン区	7	18	0
913	天羽 守狼	1	チナミ区	18	7	0
914	リーリア・サッハロヴァ	0	カミセイ区	8	4	0
915	水守 河太郎	1	チナミ区	2	4	1
916	炬燵ひるね	1	チナミ区	8	16	0
917	眼鏡の女	1	ヒノデ区	13	11	0
919	是井　亜礼子	0	リュウジン区	10	5	0
920	百足 蜈蚣	1	チナミ区	2	4	1
923	ミアプラ	0	ウシ区	4	13	0
924	いたち	1	オオキタ区	10	15	0
927	リズン	1	チナミ区	2	4	1
928	笹塚一抹	0	チナミ区	15	16	0
929	五十嵐尊	1	ヒノデ区	10	10	0
931	一色　迦楼羅	0	マガサ区	12	2	0
932	藤井	1	マガサ区	13	3	0
933	三戸　紅	0	チナミ区	4	2	1
935	篠花美琴	1	マガサ区	18	15	0
936	早乙女ちえりは繋がれない	1	チナミ区	2	4	1
938	喰羅	1	ミナト区	1	11	0
942	雪月風花	0	リュウジン区	17	3	0
945	小鳥遊　朱音	0	リュウジン区	7	18	0
947	桃珠	1	ヒノデ区	13	6	0
948	銀リゼ	0	ウシ区	7	13	0
949	緑山 八百	1	リュウジン区	20	5	0
950	仏頭光	0	リュウジン区	7	18	0
951	アリスリアラ	0	カミセイ区	7	2	0
954	フェルテウス	1	オオキタ区	10	15	0
955	アスカ	0	チナミ区	4	2	1
957	庵音	1	チナミ区	8	16	0
958	五十嵐　時彦	1	ミナト区	1	11	0
960	春崎 雨音	0	ヒノデ区	16	9	0
961	名雪 フミ	0	チナミ区	4	2	1
963	天羽 はかり	0	チナミ区	4	2	1
965	相殺の殺人鬼	1	カミセイ区	4	2	0
967	九東院愛璃	0	カスミ区	16	1	0
968	四葉 朱音	1	カスミ区	15	1	0
969	一人と一匹	1	マガサ区	13	3	0
970	宿直　彰正	1	リュウジン区	3	11	0
971	出籠さや	1	リュウジン区	3	11	0
973	白内 鼓動	1	リュウジン区	3	11	0
974	レオンハルト・オーベルシュトルツ	0	オオキタ区	10	15	0
975	ユイ・クライン	0	オオキタ区	10	15	0
976	レア・クライン	0	オオキタ区	10	15	0
977	ハイロ	1	オオキタ区	10	15	0
978	織部 杏里	0	カスミ区	10	2	0
980	羽根家エリー	0	チナミ区	4	2	1
981	邑木場	1	ヒノデ区	6	16	0
982	ファビリア	0	ウシ区	4	13	0
983	蓮咲寺 八重子	0	チナミ区	4	2	1
984	狗翠　酉樹	1	チナミ区	2	4	1
985	真月姫 瑠璃子	0	リュウジン区	3	15	0
987	エインヴァス・リリマール	0	チナミ区	4	2	1
988	麻生田 馬騎	0	オオキタ区	10	15	0
989	ソーンブラウン＝バレッタ－	1	チナミ区	2	4	1
990	九十九 五	1	カスミ区	16	6	0
992	フェナカイト＝HR＝クレマチス	0	カミセイ区	9	4	0
995	刻塔・M・ドグマグナム	0	ヒノデ区	12	11	0
997	山野サイカ	0	ヒノデ区	13	11	0
998	氷室 尊	0	チナミ区	4	2	1
999	「殴られ代行」リヨ	1	アライ区	1	4	0
1000	矢ヶ崎　空	0	オオキタ区	10	15	0
1007	双葉 成弥	0	リュウジン区	3	14	0
1008	デイジー	0	チナミ区	4	2	1
1009	鷹明 衣澄	0	チナミ区	4	2	1
1011	空視　梢	0	マガサ区	17	2	0
1012	水都瀬 桔梗	0	チナミ区	4	2	1
1013	ベルノルト・ハーゲンドルフ	0	チナミ区	4	2	1
1016	神宮寺みぅ	0	チナミ区	4	2	1
1019	ふゆげちゃん	0	チナミ区	4	2	1
1021	フォステリアナ	1	オオキタ区	10	15	0
1022	水鏡 那咲	1	リュウジン区	19	6	0
1023	磐守 霊音	0	マガサ区	4	2	0
1026	御鏡　光輝	0	リュウジン区	10	5	0
1027	ベルーネ・モネ／名無しのモネ	1	チナミ区	2	4	1
1028	迷ノ宮　コルト	0	リュウジン区	3	13	0
1030	エイラ・ラ・ミア	1	ミナト区	1	11	0
1032	フロレンシア＝バッハシュタイン	0	チナミ区	4	2	1
1033	神園　斎	0	チナミ区	4	2	1
1034	藍浦英里織	1	リュウジン区	20	5	0
1036	総和 有加	0	チナミ区	4	2	1
1037	アリエス＝マークフェルド	0	ミナト区	1	11	0
1039	音響英雄オーディオル	0	チナミ区	4	2	1
1040	影縫 白塔	0	ミナト区	1	11	0
1041	サニー・ブラウ・ケリィ	0	チナミ区	5	13	0
1043	瀬良枝 野々	0	チナミ区	4	2	1
1044	レノン＝アキツカ	1	オオキタ区	7	9	0
1046	黒枝 すぐり	1	リュウジン区	20	5	0
1047	そこにある森	1	アライ区	1	4	0
1049	大鳥 悠	0	カミセイ区	2	9	0
1050	陽姫・彩洛	0	ウシ区	12	13	0
1051	月姫・彩洛／イヴ	0	ウシ区	12	13	0
1052	洲浦　幾乃	0	ウシ区	12	13	0
1053	上野叡智	0	ウシ区	12	13	0
1054	光野 絵美理	0	チナミ区	6	8	0
1055	ミロスラヴァ・モロゾヴァ	0	カスミ区	9	2	0
1057	祥雲 巡流	0	カミセイ区	2	9	0
1058	レックス・ハクスリー	0	リュウジン区	3	15	0
1059	ミーシャ・イル・シルード	0	カミセイ区	2	9	0
1060	苧環　にいな	1	ミナト区	1	11	0
1061	望月和＆望月鼎	1	カミセイ区	11	5	0
1065	セオドロ	1	ウシ区	18	15	0
1067	栖川　真	1	ウシ区	17	15	0
1071	端田　理音	1	リュウジン区	11	15	0
1072	剣ヶ峰 楓子	0	チナミ区	5	13	0
1073	ウィルソン	0	チナミ区	7	6	0
1074	コロ	1	チナミ区	7	9	0
1075	朔蕾一紗	1	マガサ区	19	15	0
1077	馬　夏香	1	マガサ区	18	15	0
1080	櫛灘イサナ	0	チナミ区	4	2	1
1081	カリ・カーリー	0	チナミ区	4	2	1
1084	佐名木 梦	1	オオキタ区	10	15	0
1088	カズハ・御影とほかいっぱい	1	マガサ区	18	15	0
1089	伊柳俊也	1	チナミ区	6	15	0
1094	六限 ミサキ	1	オオキタ区	10	15	0
1095	クーマー・イーツ	1	オオキタ区	10	15	0
1097	アフレイド・ザ・ビハインド	1	リュウジン区	20	5	0
1099	神代 鋼	0	オオキタ区	10	15	0
1100	nowhere	1	オオキタ区	10	15	0
1101	天目千晶	1	オオキタ区	10	15	0
1102	如月 紫水	0	チナミ区	4	2	1
1103	LA	1	ウシ区	18	15	0
1104	刀崎 依良	0	チナミ区	4	2	1
1107	水竹 燈	1	チナミ区	2	4	1
1110	濡羽リトリ	0	カミセイ区	8	4	0
1111	路地裏のこどもたち	1	オオキタ区	10	15	0
1112	␣	1	コヌマ区	8	2	0
1113	ジョージ下級蔦市民	0	ウシ区	8	16	0
1115	近衛実々伽	1	オオキタ区	10	15	0
1121	ゆうぜん ちさ	1	チナミ区	2	4	1
1123	アニエス・A	0	チナミ区	4	2	1
1124	香麺の戦士☆ジェンティウドンナ	0	オオキタ区	10	15	0
1127	菫 啓文	0	カミセイ区	19	8	0
1128	蘇芳　キルカ	1	チナミ区	8	16	0
1129	草野 村雨	1	オオキタ区	10	14	0
1132	月宮 ひなた	1	ミナト区	1	11	0
1134	烏木 茅	0	カミセイ区	19	8	0
1135	東堂ハル	1	チナミ区	2	4	1
1137	桃乃芽 廿楽	0	チナミ区	4	2	1
1139	杉乃 雛菊＆杉乃 遼馬	1	チナミ区	2	4	1
1142	セララ	0	チナミ区	4	2	1
1143	日々来 霏霏	0	チナミ区	4	2	1
1144	新沼ケンジ（しんぬま・けんじ）	0	チナミ区	4	2	1
1145	アルヴァ	0	チナミ区	4	2	1
1147	赤タイガー	1	チナミ区	2	4	1
1148	帯津　九桜	0	マガサ区	12	2	0
1150	有田ターリヤ	0	ウシ区	16	7	0
1152	現実（ゲンジツ）	1	カスミ区	16	6	0
1153	フェリーチェ&ヨハン	1	マガサ区	18	15	0
1154	寸原　鈴	0	ミナト区	1	11	0
1155	泉ノ守 りり花	0	マガサ区	12	2	0
1157	定期更新遊戯闇帝	1	ミナト区	1	11	0
1158	犬山みはや	0	ウシ区	20	13	0
1159	久世　万智花	0	チナミ区	4	2	1
1160	草摩当麻	1	ウシ区	19	8	0
1161	信楽　巧磨	0	ヒノデ区	13	11	0
1162	真壁 千笑	1	ヒノデ区	9	10	0
1163	露草　霞音	0	チナミ区	4	2	1
1164	カティーロ	0	ミナト区	1	11	0
1167	レヴール・ドゥメール	1	チナミ区	8	16	0
1169	ヤナ ヤナギ	1	ミナト区	1	11	0
1171	和狐	0	ミナト区	1	11	0
1172	池田なずな	0	ウシ区	17	15	0
1173	ホナミツバサ	0	ウシ区	17	15	0
1180	夢前・弦十郎	0	チナミ区	4	2	1
1181	野犬	0	マガサ区	16	13	0
1182	霧白　彩千香	1	オオキタ区	10	15	0
1187	間林沙羅	0	チナミ区	6	5	0
1189	ミナモ	1	チナミ区	2	4	1
1191	夢見 音々子	0	リュウジン区	7	18	0
1192	執心の『イドゥラクシェムル』	0	ウシ区	12	12	0
1197	小汚いいぬ	1	オオキタ区	10	15	0
1199	八坂　四郎	0	カミセイ区	5	15	0
1200	山田 ルチア	1	カミセイ区	16	1	0
1202	九重旭	0	チナミ区	4	2	1
1203	堂島	0	リュウジン区	3	15	0
1205	チクワ・蒲鉾	1	ミナト区	1	11	0
1207	キャスティ＝R＝エイト	1	リュウジン区	10	20	0
1208	タキモト・フランクリン	1	ヒノデ区	16	4	0
1209	綾留満子	0	マガサ区	13	3	0
1210	鈴鳴泡華	1	オオキタ区	10	15	0
1211	桔柳　靱	0	コヌマ区	3	7	0
1215	アレクシス・バルディス	0	チナミ区	4	2	1
1219	檜扇 雲雀	0	リュウジン区	10	5	0
1222	羽島　くーが	0	ミナト区	1	11	0
1223	千代田 安嗣	1	オオキタ区	10	15	0
1226	上臈 暁美	0	ミナト区	1	11	0
1229	古居御守	0	チナミ区	4	2	1
1230	富武 士円	0	チナミ区	4	2	1
1231	四辻　霜夜	0	リュウジン区	17	3	0
1232	犬	1	マガサ区	17	2	0
1234	柾 末吉	0	ヒノデ区	1	14	0
1235	北条疾走	1	ミナト区	1	11	0
1237	甘味屋 五十嵐	0	カスミ区	15	1	0
1238	安枢 智読巳	0	カミセイ区	2	9	0
1239	社　映美莉	0	ミナト区	1	11	0
1240	九重総子	1	ミナト区	1	11	0
1244	雪之丞	0	チナミ区	4	2	1
1245	看都 華子	0	ヒノデ区	1	14	0
1246	冥土みやげ	1	チナミ区	2	4	1
1247	フェルディス	0	チナミ区	4	2	1
1248	リト＆エト	0	チナミ区	4	2	1
1249	塩釜 太地	1	チナミ区	2	4	1
1250	渡部　千鶴	0	チナミ区	4	2	1
1251	聖坂くだり	1	オオキタ区	10	15	0
1252	風守　風太	0	カミセイ区	3	5	0
1253	玄曜	0	チナミ区	4	2	1
1255	吊鐘紫撫子	1	チナミ区	2	4	1
1256	綴	0	カミセイ区	5	2	0
1257	八奈見 歩真	0	チナミ区	4	2	1
1258	菱形 世論	0	ヒノデ区	1	14	0
1260	メル	0	チナミ区	4	2	1
1261	ヘンゼル	0	カミセイ区	5	2	0
1262	ヴェイナス	1	リュウジン区	20	5	0
1263	小川咲with銀月瑠璃瑪	0	オオキタ区	10	15	0
1264	丸傘こがね	1	チナミ区	2	4	1
1265	六原 三雲	0	カミセイ区	5	2	0
1268	樫宮羊	0	チナミ区	4	2	1
1269	シャード＝ブラッドハンズ	1	チナミ区	2	4	1
1270	ロボーノ＝イシ	1	リュウジン区	3	11	0
1275	夢川 あざや香	0	ヒノデ区	1	14	0
1276	紅雅 美優	0	チナミ区	5	5	0
1278	西条鈴司	0	コヌマ区	8	2	0
1280	アンネリーゼ	0	チナミ区	4	2	1
1282	天多田 ヨル	1	オオキタ区	10	15	0
1283	穂村 凜/デストニアス	0	リュウジン区	9	5	0
1284	糸口 結	1	チナミ区	2	4	1
1285	設楽楽太郎	0	チナミ区	4	2	1
1286	鳳 念	0	チナミ区	4	2	1
1288	花水木の葉	0	チナミ区	4	2	1
1289	五百蔵 朔間	0	チナミ区	4	2	1
1290	風間 朱里	0	チナミ区	4	2	1
1292	荒井 八式	1	マガサ区	4	11	0
1293	影道 律	0	ミナト区	1	11	0
1295	瀬能　楽子	0	チナミ区	4	2	1
1296	ハイド	0	チナミ区	4	2	1
1297	蜂須賀 昏刃	0	ヒノデ区	5	9	0
1298	狐塚 魔緒	1	マガサ区	7	9	0
1301	勾野 兵真	1	ウシ区	7	14	0
1302	壁に耳あり正直メアリー	0	ウシ区	10	17	0
1303	徒歩川　墨吾	0	チナミ区	4	2	1
1305	燃流　燈郎	0	マガサ区	17	2	0
1307	火威　京介	0	カミセイ区	19	8	0
1308	骨谷　環	1	ミナト区	1	11	0
1309	うみねこ	0	チナミ区	4	2	1
1310	伊吹	0	チナミ区	4	2	1
1311	比良坂かすみ	0	チナミ区	4	2	1
1312	夢乃名菓	0	チナミ区	4	2	1
1314	N.A.Rathura	1	チナミ区	2	4	1
1315	升屋 影史	0	チナミ区	18	7	0
1317	黒月 亮兎	0	チナミ区	4	2	1
1320	羅須 郷	0	チナミ区	10	16	0
1321	チャンディー	0	チナミ区	4	2	1
1323	神月 澪奈	0	チナミ区	4	2	1
1324	鹿金 信長	0	チナミ区	4	2	1
1326	リノア セラフ	1	チナミ区	2	4	1
1327	満道りる	0	チナミ区	4	2	1
1330	ハイヤ・ウルエ	0	カミセイ区	5	15	0
1331	周防 柳	1	チナミ区	2	4	1
1332	ディーナ・サープレス	1	ヒノデ区	7	16	0
1334	妃　璃緒	0	チナミ区	4	2	1
1336	マイス・バルテルミ	1	カミセイ区	6	11	0
1339	大江戸大五郎 / 石刀火凍檻	0	カミセイ区	5	15	0
1340	デスブリンガー・コフィン	1	ヒノデ区	10	10	0
1341	苗葉　千歳/エイゴウオー	1	オオキタ区	7	12	0
1342	ジーク・ケルナカーニバル	1	チナミ区	2	4	1
1344	白館　朱司	0	チナミ区	4	2	1
1345	目下	0	コヌマ区	8	2	0
1348	水科・L＝千尋	0	チナミ区	4	2	1
1350	スズリ	1	リュウジン区	10	20	0
1352	マタル・ユイ	1	オオキタ区	10	15	0
1353	アッシュ・サフ	1	オオキタ区	10	15	0
1354	ルスヴン・ロー	1	オオキタ区	10	15	0
1355	其処に居る誰か	1	オオキタ区	10	15	0
1356	メリッサ	0	カミセイ区	16	6	0
1357	百朱　傾	0	オオキタ区	7	8	0
1360	キャンプファイア	0	チナミ区	4	2	1
1362	エクスワイズ	1	ウシ区	7	14	0
1364	灰闇眩	0	オオキタ区	6	1	0
1365	ルイザ　Ｍ． マリエンバーグ	0	リュウジン区	3	14	0
1366	加茂ﾉ宮 優	1	チナミ区	2	4	1
1367	田鳥羽田 十葉	0	チナミ区	4	2	1
1368	猫ヶ原つくね	0	オオキタ区	7	8	0
1369	アン・ド・ロメーダ	1	リュウジン区	14	18	0
1370	スィーエン・ミルパット	1	カミセイ区	5	20	0
1371	入守りこ	1	リュウジン区	10	20	0
1372	クウィリーノ・椿坂	0	コヌマ区	3	2	0
1373	篁 雪里	0	コヌマ区	3	2	0
1375	坂内朱季	1	カミセイ区	17	20	0
1376	神楽　稔	1	カミセイ区	6	9	0
1377	杢尾 蔦	1	チナミ区	2	4	1
1385	芥川文学	1	アライ区	1	4	0
1386	『鉄の膚』のボルドール	0	マガサ区	7	17	0
1387	ノーヴァル	0	マガサ区	7	17	0
1388	墨染ふみ	0	マガサ区	7	17	0
1390	新田　仁	0	チナミ区	4	2	1
1391	竹取の翁	0	チナミ区	4	2	1
1392	クリスティーン・セットー	1	ヒノデ区	17	20	0
1393	お地蔵さん	0	チナミ区	4	2	1
1395	ミラン・オルランディーニ	0	チナミ区	4	2	1
1396	燠庭 颯木	0	チナミ区	4	2	1
1397	アカデミーマスター	0	チナミ区	4	2	1
1398	豊受　亜魅	0	リュウジン区	3	13	0
1399	天草恭司	1	ヒノデ区	17	20	0
1401	椿	1	チナミ区	2	4	1
1403	水門 理輝	0	ウシ区	9	13	0
1407	矢瀬　一期	0	カミセイ区	19	11	0
1408	アール・デアール	0	カミセイ区	19	11	0
1415	フーベル・ゲルミル	1	チナミ区	2	4	1
1416	七折キズナ	0	チナミ区	4	2	1
1417	月見里　巫祈	0	マガサ区	7	9	0
1418	ダグラス・クルス	1	ヒノデ区	17	20	0
1421	鏑木　風子	0	チナミ区	10	19	0
1422	弦川　雛音	0	チナミ区	10	19	0
1423	TL-Tale：BOZ型	0	チナミ区	10	19	0
1424	森岩 二歩	1	チナミ区	2	4	1
1431	乞食	1	カミセイ区	5	20	0
1432	後遺症ロマンス	1	カミセイ区	5	20	0
1433	カモヤ	1	ミナト区	1	11	0
1434	ルキア	1	ヒノデ区	17	20	0
1436	未巳成 魅々	1	カミセイ区	6	11	0
1437	羽風　治癒	1	カミセイ区	5	20	0
1439	犬居翔介	0	ミナト区	1	11	0
1440	新媛 小春	0	ミナト区	1	11	0
1443	一波　三波	0	ミナト区	1	11	0
1444	沢瀉 顕彰	0	チナミ区	4	2	1
1446	アブソリュート＝ライトライン	0	チナミ区	16	16	0
1448	BranGard	0	マガサ区	13	3	0
1453	妖精とバグるゴーレムちゃん	1	オオキタ区	7	8	0
1457	内藤隊長	0	リュウジン区	3	14	0
1458	霧ヶ谷 明依	0	ウシ区	12	10	0
1459	蛇の目さん	1	カミセイ区	17	20	0
1460	Einsamkeit	0	リュウジン区	3	13	0
1461	関 裕美	0	チナミ区	4	2	1
1462	グランドキリン	0	リュウジン区	4	7	0
1464	新発田 源五郎	0	ヒノデ区	13	16	0
1467	空野かなた	0	チナミ区	4	2	1
1471	誌群絵 イッチー	0	リュウジン区	19	6	0
1472	砂森 緑	0	ウシ区	12	10	0
1473	定雪 光一朗	1	チナミ区	2	4	1
1475	草薙　飛鳥	1	チナミ区	2	4	1
1476	ヒペリカム	1	カミセイ区	5	20	0
1478	血糊子さん	1	リュウジン区	14	18	0
1479	機真面目　季色	1	チナミ区	20	4	0
1480	半田パピコリーナ	0	チナミ区	4	2	1
1481	軽袢 乃珂	1	チナミ区	2	4	1
1482	Misaki	1	チナミ区	2	4	1
1483	尾形　清二	0	カミセイ区	11	19	0
1485	-	0	チナミ区	4	2	1
1487	マイティメディア	0	ウシ区	8	14	0
1490	面戸宇久狭	1	オオキタ区	10	15	0
1491	鮎喰 透	0	チナミ区	4	2	1
1492	kari	1	チナミ区	2	4	1
1493	白猫	0	ウシ区	9	17	0
1495	紅　雷牙	1	カミセイ区	5	20	0
1502	七海	0	チナミ区	5	9	0
1506	キリエ・アーテライト	0	オオキタ区	7	7	0
1507	万津谷　鏡祐	0	カミセイ区	19	7	0
1510	天海結	0	オオキタ区	14	6	0
1516	宮矢 茂親	0	チナミ区	12	15	0
1519	チュイ・ユイ	0	コヌマ区	3	2	0
1520	宮森 美奈子	0	カミセイ区	3	4	0
1522	端留更田	1	チナミ区	2	4	1
1525	ハル	1	チナミ区	2	4	1
1527	相沢　周人	0	カミセイ区	11	19	0
1529	エットラゴー	0	チナミ区	4	2	1
1530	矢車エリカ	0	オオキタ区	7	7	0
1534	マルドゥック	1	オオキタ区	7	12	0
1539	天土　克守	1	オオキタ区	7	12	0
1540	御堂 直江＆伊吹	0	ウシ区	16	2	0
1541	日辻野　冥子	0	リュウジン区	17	3	0
1543	ペシャ・カララ	0	チナミ区	4	2	1
1547	金髪さん	0	チナミ区	18	7	0
1550	宵張 ヤスヤ	0	チナミ区	9	14	0
1551	蕪西シン	1	カミセイ区	6	11	0
1553	ルミニア・真言	0	オオキタ区	7	7	0
1555	夢路寺 姫乃	1	カミセイ区	10	4	0
1559	静寂 椿	0	オオキタ区	7	7	0
1564	藤河　あおい	1	ミナト区	1	11	0
1567	桜木　辰務	0	チナミ区	15	16	0
1568	セイ	1	チナミ区	2	4	1
1571	久遠　朱莉	0	チナミ区	5	5	0
1574	ヒバナ	0	チナミ区	4	11	0
1579	夜桜咲夜	0	マガサ区	19	15	0
1580	湖波透	1	チナミ区	2	4	1
1582	白花 アイレ	0	チナミ区	4	2	1
1583	利門　妬美	0	ヒノデ区	18	20	0
1585	蒼月悠希	0	チナミ区	4	2	1
1589	デッドエンド！	1	チナミ区	2	4	1
1594	長耳狩りのゴロウザ	1	ウシ区	16	7	0
1595	天幸龍人	0	オオキタ区	10	15	0
1596	藤堂透	0	ヒノデ区	3	11	0
1598	九音	0	マガサ区	19	15	0
1600	酒匂　みづち	1	オオキタ区	10	15	0
1601	暁もこ	0	チナミ区	10	5	0
1603	メイヴィス・ラムジー	0	リュウジン区	3	9	0
1604	防人鳥羽	1	カミセイ区	6	11	0
1605	竜と死神と木菟と吸血鬼と	0	チナミ区	4	2	1
1606	銭湯バイト	0	チナミ区	20	4	0
1609	岡豊	1	リュウジン区	3	11	0
1613	蓮条みこと＆某探偵事務所の住人達	0	チナミ区	4	2	1
1614	火野平緋尋	0	カミセイ区	3	4	0
1615	九条銀二	0	コヌマ区	8	2	0
1619	地獄の影	0	チナミ区	4	2	1
1622	凍堂冷	0	カスミ区	15	1	0
1625	小早川雛鳥	1	チナミ区	2	4	1
1626	筒見 学杜	0	チナミ区	4	2	1
1628	筒見 謎利	0	チナミ区	4	2	1
1629	飽くなき知識の探求者	1	チナミ区	4	9	0
1631	蒼樹 莉緒	0	チナミ区	4	2	1
1633	プッシュ／プル	0	ヒノデ区	16	9	0
1634	百鬼　清十郎	0	チナミ区	4	2	1
1636	小暮　煌都	0	チナミ区	4	2	1
1638	魔女ご一行	0	チナミ区	4	2	1
1639	灰都 護璃	0	チナミ区	4	2	1
1641	鯨田竜ノ心	0	チナミ区	8	16	0
1642	耳長へちま	0	チナミ区	4	2	1
1643	笹音 唯香	0	チナミ区	4	2	1
1644	テスト タロウ	1	アライ区	1	4	0
1646	天龍院フトシ	0	チナミ区	4	2	1
1647	丸場真久利	0	チナミ区	4	2	1
1648	杜 丞	0	オオキタ区	10	15	0
1649	学園長室	1	チナミ区	7	8	0
1650	七種　響	0	チナミ区	8	16	0
1652	大鳥光穏	0	ヒノデ区	12	16	0
1656	ふか芋ちゃん	0	ヒノデ区	2	16	0
1657	或殻　百目	1	チナミ区	2	4	1
1658	ハセガワ　ノイル	0	カミセイ区	11	1	0
1659	星野葵	0	リュウジン区	3	9	0
1661	黒羽　熄	0	カミセイ区	18	9	0
1663	黒窪 快	1	オオキタ区	10	15	0
1664	絶乃樹 喪旦	1	オオキタ区	7	12	0
1665	毒島楓	0	マガサ区	19	15	0
1667	神代　咲斗	0	チナミ区	4	2	1
1668	ナナオ　カズマ	1	チナミ区	5	5	0
1669	ぴこ	0	チナミ区	4	2	1
1670	鈴木　緋唯璐	0	チナミ区	4	2	1
1671	『運び屋』ラッセル	0	チナミ区	4	2	1
1672	ロタギヴァーンの一族	1	ヒノデ区	6	16	0
1674	羽仏 氷織	0	チナミ区	4	2	1
1676	女鳥さひめ	0	チナミ区	14	6	0
1679	ケンタとコウタ	0	チナミ区	4	2	1
1681	黒野　司	1	チナミ区	2	4	1
1682	野生のケモノ	0	チナミ区	4	2	1
1683	大鳥ゲルト	1	チナミ区	8	16	0
1684	くじらきんぐ	1	マガサ区	17	2	0
1685	狩崎 玻琉子	0	チナミ区	4	2	1
1686	伏見　トウカ	0	チナミ区	4	2	1
1687	縦島　重喜	0	チナミ区	5	5	0
1689	マヤ	0	カミセイ区	11	19	0
1690	イバラシティ	0	チナミ区	4	2	1
1692	ヤヅキとお化けさん	0	オオキタ区	10	15	0
1693	筑波	0	チナミ区	4	2	1
1694	ツカサ	0	チナミ区	5	5	0
1695	石森明日香	0	チナミ区	4	2	1
1696	アーサー	0	チナミ区	4	2	1
1697	烏尾	0	チナミ区	12	15	0
1698	ペトリコール	0	チナミ区	9	14	0
1699	クラスト	0	チナミ区	4	2	1
1700	白崎銀時	0	チナミ区	4	2	1
1701	巡名 気宇	1	チナミ区	4	13	0
1702	泡になったにんぎょうひめ	0	リュウジン区	7	18	0
1703	しゃむ	0	リュウジン区	7	18	0
1705	宍戸 錦	1	チナミ区	5	13	0
1706	鈴々	0	チナミ区	8	5	0
1707	百鬼  京	0	チナミ区	4	2	1
1708	軀櫃　戀	1	ヒノデ区	2	11	0
1709	足達原　蘭	1	チナミ区	2	4	1
1710	ルーク	1	チナミ区	2	4	1
1711	橘 水華	1	チナミ区	5	10	0
1712	チャーリー・アールデン	0	チナミ区	4	2	1
1713	kari	0	チナミ区	4	2	1
1714	潁箭	0	チナミ区	7	8	0
1715	佐藤 音	1	チナミ区	4	9	0
1716	倉根モズ	0	チナミ区	4	2	1
1717	李　雨桐	0	チナミ区	4	2	1
1718	裁縫待針	1	チナミ区	4	9	0
1719	不和霧 美琴	0	チナミ区	10	5	0
1720	フレデリック・ナイトレイ	0	チナミ区	4	2	1
